,id,action_time,object_id,object_repr,change_message,content_type_id,user_id,action_flag
0,1,2018-10-09 09:15:27.656825,2,anand,"[{""added"": {}}]",4,1,1
1,2,2018-10-09 09:17:01.313149,1,web devs,"[{""added"": {}}]",3,1,1
2,3,2018-10-09 09:17:10.165529,1,web devs,[],3,1,2
3,4,2018-10-09 09:58:33.607480,1,Form object (1),"[{""added"": {}}]",7,1,1
4,5,2018-10-09 09:58:59.833593,1,Form object (1),[],7,1,2
5,6,2018-10-09 09:59:17.556752,1,Form object (1),[],7,1,2
6,7,2018-10-09 10:48:45.208974,1,Regform object (1),"[{""added"": {}}]",8,1,1
7,8,2018-10-09 11:16:02.948921,1,Form object (1),[],7,1,2
8,9,2018-10-09 11:16:20.102913,2,Form object (2),"[{""added"": {}}]",7,1,1
9,10,2018-10-14 11:22:55.979576,1,Userform object (1),"[{""added"": {}}]",9,3,1
